20459y09	ERS1139794	ERR1399784
20649Y09	ERS1139802	ERR1399792
20831y09	ERS1139810	ERR1399800
20958Y09	ERS1139814	ERR1399804
21045y09	ERS1139819	ERR1399809
21063Y09	ERS1139820	ERR1399810
21077y09	ERS1139821	ERR1399811
21160Y09	ERS1139826	ERR1399816
21232y09	ERS1139832	ERR1399822
21233y09	ERS1139833	ERR1399823
21305Y09	ERS1139839	ERR1399829
21313Y09	ERS1139840	ERR1399830
21340Y09	ERS1139842	ERR1399832
21359Y09	ERS1139843	ERR1399833
21604y09	ERS1139857	ERR1399847
21705y09	ERS1139864	ERR1399854
21718y09	ERS1139865	ERR1399855
21724y09	ERS1139866	ERR1399856
21731y09	ERS1139867	ERR1399857
21781Y09	ERS1139872	ERR1399862
21878y09	ERS1139879	ERR1399869
22006y09	ERS1139887	ERR1399877
22143Y09	ERS1139895	ERR1399885
22144Y09	ERS1139896	ERR1399886
22164y09	ERS1139898	ERR1399888
22172y09	ERS1139899	ERR1399889
22333y09	ERS1139911	ERR1399901
22501y09	ERS1139918	ERR1399908
22569y09	ERS1139920	ERR1399910
22600y09	ERS1139923	ERR1399913
22646y09	ERS1139925	ERR1399915
22700y09	ERS1139930	ERR1399920
22740y09	ERS1139932	ERR1399922
22758y09	ERS1139933	ERR1399923
22811y09	ERS1139935	ERR1399925
22818y09	ERS1139936	ERR1399926
22908y09	ERS1139941	ERR1399931
22923y09	ERS1139942	ERR1399932
22952y09	ERS1139944	ERR1399934
23146y09	ERS1139953	ERR1399943
23194y09	ERS1139954	ERR1399944
23558y09	ERS1139960	ERR1399950
23625y09	ERS1139962	ERR1399952
24043y09	ERS1139964	ERR1399954
27805Y12	ERS1139965	ERR1399955
27895Y12	ERS1139969	ERR1399959
27947Y12	ERS1139972	ERR1399962
27950Y12	ERS1139973	ERR1399963
27967Y12	ERS1139974	ERR1399964
27997Y12	ERS1139978	ERR1399968
28098Y12	ERS1139981	ERR1399971
28128Y12	ERS1139982	ERR1399972
28141Y12	ERS1139984	ERR1399974
28173Y12	ERS1139989	ERR1399979
28176Y12	ERS1139990	ERR1399980
28181Y12	ERS1139992	ERR1399982
28262Y12	ERS1139999	ERR1399989
28270Y12	ERS1140000	ERR1399990
28365Y12	ERS1140001	ERR1399991
28437Y12	ERS1140004	ERR1399994
28517Y12	ERS1140013	ERR1400003
28521Y12	ERS1140014	ERR1400004
28577Y12	ERS1140019	ERR1400009
28617Y12	ERS1140024	ERR1400014
28623Y12	ERS1140025	ERR1400015
28654Y12	ERS1140027	ERR1400017
28675Y12	ERS1140029	ERR1400019
28677Y12	ERS1140030	ERR1400020
28716Y12	ERS1140033	ERR1400023
28767Y12	ERS1140040	ERR1400030
28820Y12	ERS1140044	ERR1400034
28841Y12	ERS1140045	ERR1400035
28854Y12	ERS1140047	ERR1400037
28869Y12	ERS1140049	ERR1400039
28907Y12	ERS1140052	ERR1400042
29028Y12	ERS1140067	ERR1400057
29089Y12	ERS1140074	ERR1400064
29168Y12	ERS1140081	ERR1400071
29197Y12	ERS1140085	ERR1400075
29291Y12	ERS1140092	ERR1400082
29415Y12	ERS1140105	ERR1400095
29495Y12	ERS1140113	ERR1400103
29513Y12	ERS1140115	ERR1400105
29588Y12	ERS1140117	ERR1400107
29591Y12	ERS1140118	ERR1400108
29606Y12	ERS1140121	ERR1400110
29707Y13	ERS1140126	ERR1400115
29744Y13	ERS1140129	ERR1400118
29798Y13	ERS1140131	ERR1400120
29881Y12	ERS1140138	ERR1400126
29884Y12	ERS1140140	ERR1400128
29899Y13	ERS1140145	ERR1400132
29902Y13	ERS1140146	ERR1400133
29946Y13	ERS1140147	ERR1400134
29978y13	ERS1140149	ERR1400136
30015y13	ERS1140153	ERR1400139
30018y13	ERS1140155	ERR1400141
30148y13	ERS1140167	ERR1400152
30213y13	ERS1140178	ERR1400161
30343Y13	ERS1140182	ERR1400165
30350Y13	ERS1140185	ERR1400167
30387Y13	ERS1140189	ERR1400171
30392Y13	ERS1140192	ERR1400173
30396Y13	ERS1140193	ERR1400174
30416Y13	ERS1140196	ERR1400177
30423Y13	ERS1140199	ERR1400179
30503Y13	ERS1140203	ERR1400183
30517Y13	ERS1140205	ERR1400185
30574Y13	ERS1140213	ERR1400192
45281y09	ERS1140215	ERR1400194
45323y09	ERS1140220	ERR1400198
45438y09	ERS1140226	ERR1400204
45441y09	ERS1140227	ERR1400205
46445y09	ERS1140228	ERR1400206
46916y09	ERS1140232	ERR1400210
46977y09	ERS1140236	ERR1400214
48151y09	ERS1140248	ERR1400226
48623Y09	ERS1140254	ERR1400232
48625Y09	ERS1140255	ERR1400233
48707y09	ERS1140260	ERR1400238
48721y09	ERS1140263	ERR1400241
48748Y09	ERS1140265	ERR1400243
50048y09	ERS1140276	ERR1400254
50997y09	ERS1140296	ERR1400274
51035y09	ERS1140301	ERR1400279
51057y09	ERS1140303	ERR1400281
51067y09	ERS1140304	ERR1400282
59310Y12	ERS1140313	ERR1400291
59815Y12	ERS1140322	ERR1400300
60051Y12	ERS1140325	ERR1400303
60155Y12	ERS1140329	ERR1400307
60185Y12	ERS1140332	ERR1400310
60299Y12	ERS1140340	ERR1400318
61200Y12	ERS1140361	ERR1400339
61232Y12	ERS1140364	ERR1400342
61259Y12	ERS1140365	ERR1400343
61266Y12	ERS1140366	ERR1400344
61642Y12	ERS1140371	ERR1400349
61960Y12	ERS1140377	ERR1400355
61978Y12	ERS1140380	ERR1400358
61981Y12	ERS1140381	ERR1400359
62149Y12	ERS1140385	ERR1400363
62422Y12	ERS1140392	ERR1400370
63056Y12	ERS1140416	ERR1400394
63247Y12	ERS1140438	ERR1400416
63433Y12	ERS1140439	ERR1400417
63469Y13	ERS1140443	ERR1400421
63953Y13	ERS1140462	ERR1400440
63976Y12	ERS1140466	ERR1400444
63996Y12	ERS1140468	ERR1400446
64022Y12	ERS1140470	ERR1400448
64026Y12	ERS1140471	ERR1400449
64089Y13	ERS1140474	ERR1400452
64311Y13	ERS1140481	ERR1400459
64415Y13	ERS1140485	ERR1400463
64635y12	ERS1140496	ERR1400474
64742y13	ERS1140508	ERR1400486
64821Y13	ERS1140511	ERR1400489
64843Y13	ERS1140513	ERR1400491
65154Y13	ERS1140531	ERR1400509
65157Y13	ERS1140532	ERR1400510
65161Y13	ERS1140534	ERR1400512
65401Y13	ERS1140540	ERR1400518
65636Y13	ERS1140545	ERR1400523
65650Y13	ERS1140550	ERR1400528
65651Y13	ERS1140551	ERR1400529
65668Y13	ERS1140552	ERR1400530
65795y13	ERS1140566	ERR1400544
65991Y13	ERS1140574	ERR1400552
66015Y13	ERS1140579	ERR1400557
66038Y13	ERS1140586	ERR1400564
66094y13	ERS1140594	ERR1400572
66227y13	ERS1140596	ERR1400574
66265Y13	ERS1140603	ERR1400581
66396Y13	ERS1140606	ERR1400584
66434Y13	ERS1140607	ERR1400585
66694Y13	ERS1140612	ERR1400590
66730Y13	ERS1140617	ERR1400595
67022Y13	ERS1140622	ERR1400600
67026Y13	ERS1140623	ERR1400601
67033Y13	ERS1140624	ERR1400602
69469Y13	ERS1140641	ERR1400619
1086	ERS1139790	ERR1399780
20440y09	ERS1139793	ERR1399783
20527y09	ERS1139795	ERR1399785
20548y09	ERS1139796	ERR1399786
20553y09	ERS1139797	ERR1399787
20619y09	ERS1139798	ERR1399788
20624y09	ERS1139799	ERR1399789
20690Y09	ERS1139805	ERR1399795
20693y09	ERS1139806	ERR1399796
20796y09	ERS1139808	ERR1399798
20842Y09	ERS1139811	ERR1399801
20934Y09	ERS1139812	ERR1399802
20956Y09	ERS1139813	ERR1399803
20983Y09	ERS1139815	ERR1399805
21017Y09	ERS1139816	ERR1399806
21036y09	ERS1139818	ERR1399808
21117Y09	ERS1139822	ERR1399812
21171Y09	ERS1139827	ERR1399817
21175Y09	ERS1139828	ERR1399818
21203y09	ERS1139829	ERR1399819
21209y09	ERS1139830	ERR1399820
21225y09	ERS1139831	ERR1399821
21237Y09	ERS1139834	ERR1399824
21297Y09	ERS1139838	ERR1399828
21447y09	ERS1139849	ERR1399839
21461Y09	ERS1139852	ERR1399842
21512Y09	ERS1139853	ERR1399843
21514Y09	ERS1139854	ERR1399844
21526Y09	ERS1139856	ERR1399846
21673Y09	ERS1139860	ERR1399850
21700Y09	ERS1139862	ERR1399852
21704Y09	ERS1139863	ERR1399853
21750y09	ERS1139868	ERR1399858
21762Y09	ERS1139870	ERR1399860
21770Y09	ERS1139871	ERR1399861
21819Y09	ERS1139874	ERR1399864
21931Y09	ERS1139885	ERR1399875
21947y09	ERS1139886	ERR1399876
22013Y09	ERS1139888	ERR1399878
22072y09	ERS1139892	ERR1399882
22135Y09	ERS1139894	ERR1399884
22189y09	ERS1139901	ERR1399891
22218y09	ERS1139902	ERR1399892
22221y09	ERS1139903	ERR1399893
22224y09	ERS1139904	ERR1399894
22260y09	ERS1139907	ERR1399897
22277y09	ERS1139908	ERR1399898
22299y09	ERS1139909	ERR1399899
22318y09	ERS1139910	ERR1399900
22388y09	ERS1139915	ERR1399905
22478y09	ERS1139917	ERR1399907
22557y09	ERS1139919	ERR1399909
22599y09	ERS1139922	ERR1399912
22712y09	ERS1139931	ERR1399921
22765y09	ERS1139934	ERR1399924
22875y09	ERS1139938	ERR1399928
22891y09	ERS1139939	ERR1399929
22955y09	ERS1139945	ERR1399935
23081y09	ERS1139947	ERR1399937
23117y09	ERS1139950	ERR1399940
23124y09	ERS1139951	ERR1399941
23128y09	ERS1139952	ERR1399942
23540y09	ERS1139956	ERR1399946
27893Y12	ERS1139968	ERR1399958
28096Y12	ERS1139980	ERR1399970
28183Y12	ERS1139993	ERR1399983
28226Y12	ERS1139995	ERR1399985
28376Y12	ERS1140002	ERR1399992
28457Y12	ERS1140007	ERR1399997
28474Y12	ERS1140008	ERR1399998
28503Y12	ERS1140012	ERR1400002
28535Y12	ERS1140016	ERR1400006
28628Y12	ERS1140026	ERR1400016
28666Y12	ERS1140028	ERR1400018
28730Y12	ERS1140036	ERR1400026
28773Y12	ERS1140041	ERR1400031
28849Y12	ERS1140046	ERR1400036
28856Y12	ERS1140048	ERR1400038
28896Y12	ERS1140051	ERR1400041
28984Y12	ERS1140059	ERR1400049
28996Y12	ERS1140060	ERR1400050
29011Y12	ERS1140064	ERR1400054
29035Y12	ERS1140069	ERR1400059
29054Y12	ERS1140070	ERR1400060
29063Y12	ERS1140071	ERR1400061
29068Y12	ERS1140072	ERR1400062
29136Y12	ERS1140079	ERR1400069
29160Y12	ERS1140080	ERR1400070
29189Y12	ERS1140083	ERR1400073
29192Y12	ERS1140084	ERR1400074
29215Y12	ERS1140087	ERR1400077
29353Y12	ERS1140096	ERR1400086
29377Y12	ERS1140098	ERR1400088
29381Y12	ERS1140099	ERR1400089
29440Y12	ERS1140107	ERR1400097
29492Y12	ERS1140112	ERR1400102
29818Y13	ERS1140132	ERR1400121
29890Y13	ERS1140141	ERR1400129
29952y13	ERS1140148	ERR1400135
30037Y13	ERS1140157	ERR1400143
30174y13	ERS1140174	ERR1400158
30258y13	ERS1140179	ERR1400162
30361Y13	ERS1140186	ERR1400168
30391Y13	ERS1140191	ERR1400172
30407Y13	ERS1140194	ERR1400175
30422Y13	ERS1140197	ERR1400178
30540Y13	ERS1140208	ERR1400187
45289y09	ERS1140218	ERR1400196
45367y09	ERS1140222	ERR1400200
45373Y09	ERS1140223	ERR1400201
45432y09	ERS1140225	ERR1400203
46644y09	ERS1140231	ERR1400209
46929y09	ERS1140234	ERR1400212
46979y09	ERS1140237	ERR1400215
47520y09	ERS1140244	ERR1400222
48164y09	ERS1140249	ERR1400227
48169y09	ERS1140250	ERR1400228
48631Y09	ERS1140256	ERR1400234
48649Y09	ERS1140258	ERR1400236
48715y09	ERS1140262	ERR1400240
48909y09	ERS1140268	ERR1400246
48931y09	ERS1140269	ERR1400247
49754y09	ERS1140274	ERR1400252
50185y09	ERS1140285	ERR1400263
50348y09	ERS1140286	ERR1400264
50447y09	ERS1140287	ERR1400265
50453y09	ERS1140288	ERR1400266
50520y09	ERS1140290	ERR1400268
50927y09	ERS1140292	ERR1400270
50965y09	ERS1140294	ERR1400272
50971y09	ERS1140295	ERR1400273
51016y09	ERS1140297	ERR1400275
51021y09	ERS1140298	ERR1400276
51027y09	ERS1140299	ERR1400277
51040y09	ERS1140302	ERR1400280
58680Y12	ERS1140306	ERR1400284
58681Y12	ERS1140307	ERR1400285
58690Y12	ERS1140308	ERR1400286
59282Y12	ERS1140311	ERR1400289
59456Y12	ERS1140315	ERR1400293
59458Y12	ERS1140316	ERR1400294
59462Y12	ERS1140317	ERR1400295
60186Y12	ERS1140333	ERR1400311
60189Y12	ERS1140336	ERR1400314
60546Y12	ERS1140344	ERR1400322
60557Y12	ERS1140346	ERR1400324
60559Y12	ERS1140348	ERR1400326
60577Y12	ERS1140351	ERR1400329
60748Y12	ERS1140355	ERR1400333
61031Y12	ERS1140356	ERR1400334
61524Y12	ERS1140369	ERR1400347
61935Y12	ERS1140372	ERR1400350
61938Y12	ERS1140373	ERR1400351
61968Y12	ERS1140379	ERR1400357
62252Y12	ERS1140388	ERR1400366
62258Y12	ERS1140389	ERR1400367
62528Y12	ERS1140400	ERR1400378
62619Y12	ERS1140402	ERR1400380
62622Y12	ERS1140403	ERR1400381
63066Y12	ERS1140418	ERR1400396
63235Y12	ERS1140436	ERR1400414
63473Y13	ERS1140444	ERR1400422
63499Y12	ERS1140445	ERR1400423
63507Y12	ERS1140447	ERR1400425
63516Y12	ERS1140449	ERR1400427
63633Y13	ERS1140455	ERR1400433
63913Y12	ERS1140457	ERR1400435
63925Y12	ERS1140459	ERR1400437
63955Y13	ERS1140463	ERR1400441
64034Y12	ERS1140472	ERR1400450
64163Y13	ERS1140475	ERR1400453
64405Y13	ERS1140484	ERR1400462
64442y13	ERS1140490	ERR1400468
64645y12	ERS1140497	ERR1400475
64667y13	ERS1140500	ERR1400478
64686y13	ERS1140502	ERR1400480
64693y13	ERS1140503	ERR1400481
64695y13	ERS1140504	ERR1400482
64852Y13	ERS1140515	ERR1400493
64876Y13	ERS1140518	ERR1400496
65173Y13	ERS1140535	ERR1400513
65395Y13	ERS1140539	ERR1400517
65425Y13	ERS1140542	ERR1400520
65503Y13	ERS1140544	ERR1400522
65639Y13	ERS1140546	ERR1400524
65645Y13	ERS1140548	ERR1400526
65672Y13	ERS1140553	ERR1400531
65684Y13	ERS1140556	ERR1400534
65694Y13	ERS1140557	ERR1400535
65711Y13	ERS1140559	ERR1400537
65780y13	ERS1140562	ERR1400540
65995Y13	ERS1140575	ERR1400553
66022Y13	ERS1140580	ERR1400558
66033Y13	ERS1140584	ERR1400562
66091y13	ERS1140593	ERR1400571
66222y13	ERS1140595	ERR1400573
66700Y13	ERS1140614	ERR1400592
66868Y13	ERS1140620	ERR1400598
66927Y13	ERS1140621	ERR1400599
67036Y13	ERS1140625	ERR1400603
67043Y13	ERS1140626	ERR1400604
67057Y13	ERS1140627	ERR1400605
67087Y13	ERS1140628	ERR1400606
67154Y13	ERS1140631	ERR1400609
67165Y13	ERS1140632	ERR1400610
67271Y13	ERS1140635	ERR1400613
69458Y13	ERS1140638	ERR1400616
20643Y09	ERS1139801	ERR1399791
20679Y09	ERS1139803	ERR1399793
20681Y09	ERS1139804	ERR1399794
20709y09	ERS1139807	ERR1399797
20829y09	ERS1139809	ERR1399799
21123Y09	ERS1139823	ERR1399813
21140Y09	ERS1139824	ERR1399814
21143Y09	ERS1139825	ERR1399815
21261Y09	ERS1139836	ERR1399826
21326Y09	ERS1139841	ERR1399831
21382Y09	ERS1139844	ERR1399834
21405Y09	ERS1139845	ERR1399835
21441y09	ERS1139848	ERR1399838
21449y09	ERS1139850	ERR1399840
21518Y09	ERS1139855	ERR1399845
21755y09	ERS1139869	ERR1399859
21830y09	ERS1139875	ERR1399865
21842y09	ERS1139876	ERR1399866
21871y09	ERS1139878	ERR1399868
21905Y09	ERS1139884	ERR1399874
22014Y09	ERS1139889	ERR1399879
22031Y09	ERS1139890	ERR1399880
22104Y09	ERS1139893	ERR1399883
22163Y09	ERS1139897	ERR1399887
22594y09	ERS1139921	ERR1399911
22697y09	ERS1139929	ERR1399919
22906y09	ERS1139940	ERR1399930
23049y09	ERS1139946	ERR1399936
23114y09	ERS1139949	ERR1399939
23203y09	ERS1139955	ERR1399945
23556y09	ERS1139959	ERR1399949
27862Y12	ERS1139966	ERR1399956
27942Y12	ERS1139971	ERR1399961
27984Y12	ERS1139976	ERR1399966
28095Y12	ERS1139979	ERR1399969
28142Y12	ERS1139985	ERR1399975
28171Y12	ERS1139987	ERR1399977
28241Y12	ERS1139997	ERR1399987
28450Y12	ERS1140006	ERR1399996
28533Y12	ERS1140015	ERR1400005
28536Y12	ERS1140017	ERR1400007
28558Y12	ERS1140018	ERR1400008
28611Y12	ERS1140022	ERR1400012
28613Y12	ERS1140023	ERR1400013
28679Y12	ERS1140031	ERR1400021
28719Y12	ERS1140034	ERR1400024
28724Y12	ERS1140035	ERR1400025
28740Y12	ERS1140038	ERR1400028
28799Y12	ERS1140043	ERR1400033
28870Y12	ERS1140050	ERR1400040
28910Y12	ERS1140053	ERR1400043
28923Y12	ERS1140054	ERR1400044
28934Y12	ERS1140055	ERR1400045
29010Y12	ERS1140063	ERR1400053
29018Y12	ERS1140065	ERR1400055
29024Y12	ERS1140066	ERR1400056
29032Y12	ERS1140068	ERR1400058
29120Y12	ERS1140076	ERR1400066
29121Y12	ERS1140077	ERR1400067
29126Y12	ERS1140078	ERR1400068
29199Y12	ERS1140086	ERR1400076
29292Y12	ERS1140093	ERR1400083
29317Y12	ERS1140095	ERR1400085
29358Y12	ERS1140097	ERR1400087
29386Y12	ERS1140100	ERR1400090
29403Y12	ERS1140101	ERR1400091
29404Y12	ERS1140102	ERR1400092
29409Y12	ERS1140103	ERR1400093
29411Y12	ERS1140104	ERR1400094
29463Y12	ERS1140108	ERR1400098
29475Y12	ERS1140109	ERR1400099
29488Y12	ERS1140110	ERR1400100
29543Y12	ERS1140116	ERR1400106
29604Y12	ERS1140120	ERR1400109
29637Y13	ERS1140122	ERR1400111
29671Y12	ERS1140123	ERR1400112
29705Y13	ERS1140125	ERR1400114
29709Y13	ERS1140127	ERR1400116
29720Y13	ERS1140128	ERR1400117
29791Y13	ERS1140130	ERR1400119
29852Y12	ERS1140133	ERR1400122
29856Y12	ERS1140135	ERR1400123
29861Y12	ERS1140136	ERR1400124
29891Y13	ERS1140142	ERR1400130
30010y13	ERS1140151	ERR1400138
30109y13	ERS1140163	ERR1400148
30134y13	ERS1140166	ERR1400151
30150y13	ERS1140169	ERR1400153
30155y13	ERS1140170	ERR1400154
30157y13	ERS1140171	ERR1400155
30159y13	ERS1140172	ERR1400156
30183y13	ERS1140175	ERR1400159
30209y13	ERS1140177	ERR1400160
30305y13	ERS1140181	ERR1400164
30374Y13	ERS1140188	ERR1400170
30452Y13	ERS1140200	ERR1400180
30491Y13	ERS1140201	ERR1400181
30493Y13	ERS1140202	ERR1400182
30513Y13	ERS1140204	ERR1400184
30560Y13	ERS1140211	ERR1400190
30562Y12	ERS1140212	ERR1400191
45287y09	ERS1140217	ERR1400195
45291y09	ERS1140219	ERR1400197
45344y09	ERS1140221	ERR1400199
45389y09	ERS1140224	ERR1400202
46544Y09	ERS1140229	ERR1400207
46921y09	ERS1140233	ERR1400211
47158y09	ERS1140238	ERR1400216
47276y09	ERS1140241	ERR1400219
47430y09	ERS1140243	ERR1400221
48240y09	ERS1140251	ERR1400229
48244y09	ERS1140252	ERR1400230
48570y09	ERS1140253	ERR1400231
48635Y09	ERS1140257	ERR1400235
48700y09	ERS1140259	ERR1400237
48733y09	ERS1140264	ERR1400242
48752Y09	ERS1140266	ERR1400244
49504y09	ERS1140271	ERR1400249
49656Y09	ERS1140272	ERR1400250
50176y09	ERS1140283	ERR1400261
50180y09	ERS1140284	ERR1400262
51034y09	ERS1140300	ERR1400278
58776Y12	ERS1140309	ERR1400287
59307Y12	ERS1140312	ERR1400290
59313Y12	ERS1140314	ERR1400292
59543Y12	ERS1140318	ERR1400296
59812Y12	ERS1140320	ERR1400298
59814Y12	ERS1140321	ERR1400299
59818Y12	ERS1140323	ERR1400301
60046Y12	ERS1140324	ERR1400302
60057Y12	ERS1140326	ERR1400304
60145Y12	ERS1140327	ERR1400305
60160Y12	ERS1140330	ERR1400308
60161Y12	ERS1140331	ERR1400309
60187Y12	ERS1140334	ERR1400312
60295Y12	ERS1140337	ERR1400315
60296Y12	ERS1140338	ERR1400316
60533Y12	ERS1140341	ERR1400319
60539Y12	ERS1140342	ERR1400320
60545Y12	ERS1140343	ERR1400321
60548Y12	ERS1140345	ERR1400323
60558Y12	ERS1140347	ERR1400325
60560Y12	ERS1140349	ERR1400327
60571Y12	ERS1140350	ERR1400328
60580Y12	ERS1140352	ERR1400330
60601Y12	ERS1140353	ERR1400331
60634Y12	ERS1140354	ERR1400332
61037Y12	ERS1140357	ERR1400335
61207Y12	ERS1140362	ERR1400340
61227Y12	ERS1140363	ERR1400341
61542Y12	ERS1140370	ERR1400348
61939Y12	ERS1140374	ERR1400352
61949Y12	ERS1140375	ERR1400353
61950Y12	ERS1140376	ERR1400354
61967Y12	ERS1140378	ERR1400356
62158Y12	ERS1140387	ERR1400365
62450Y12	ERS1140399	ERR1400377
62670Y12	ERS1140405	ERR1400383
62676Y12	ERS1140406	ERR1400384
62686Y12	ERS1140407	ERR1400385
62832Y12	ERS1140409	ERR1400387
62983Y12	ERS1140410	ERR1400388
63017Y12	ERS1140413	ERR1400391
63024Y12	ERS1140414	ERR1400392
63034Y12	ERS1140415	ERR1400393
63072Y12	ERS1140420	ERR1400398
63076Y12	ERS1140421	ERR1400399
63188Y12	ERS1140426	ERR1400404
63194Y12	ERS1140427	ERR1400405
63207Y12	ERS1140430	ERR1400408
63228Y12	ERS1140433	ERR1400411
63230Y12	ERS1140434	ERR1400412
63453Y12	ERS1140441	ERR1400419
63456Y12	ERS1140442	ERR1400420
63521Y12	ERS1140450	ERR1400428
63526Y12	ERS1140451	ERR1400429
63631Y13	ERS1140454	ERR1400432
63964Y12	ERS1140464	ERR1400442
63979Y12	ERS1140467	ERR1400445
64059Y13	ERS1140473	ERR1400451
64164Y13	ERS1140476	ERR1400454
64295Y13	ERS1140477	ERR1400455
64305Y13	ERS1140480	ERR1400458
64416y13	ERS1140486	ERR1400464
64427y13	ERS1140487	ERR1400465
64435y13	ERS1140488	ERR1400466
64477y13	ERS1140491	ERR1400469
64488y13	ERS1140492	ERR1400470
64633y12	ERS1140495	ERR1400473
64661y13	ERS1140499	ERR1400477
64737y13	ERS1140507	ERR1400485
64748y13	ERS1140509	ERR1400487
64834Y13	ERS1140512	ERR1400490
64846Y13	ERS1140514	ERR1400492
64859Y13	ERS1140517	ERR1400495
64897Y13	ERS1140521	ERR1400499
64900Y13	ERS1140522	ERR1400500
64902Y13	ERS1140524	ERR1400502
65073Y13	ERS1140527	ERR1400505
65132Y13	ERS1140529	ERR1400507
65139Y13	ERS1140530	ERR1400508
65158Y13	ERS1140533	ERR1400511
65183Y13	ERS1140536	ERR1400514
65379Y13	ERS1140538	ERR1400516
65452Y13	ERS1140543	ERR1400521
65641Y13	ERS1140547	ERR1400525
65680Y13	ERS1140555	ERR1400533
65742y13	ERS1140561	ERR1400539
65781y13	ERS1140563	ERR1400541
65807y13	ERS1140567	ERR1400545
65949Y13	ERS1140568	ERR1400546
65974Y13	ERS1140572	ERR1400550
65989Y13	ERS1140573	ERR1400551
66005Y13	ERS1140576	ERR1400554
66013Y13	ERS1140578	ERR1400556
66065Y13	ERS1140589	ERR1400567
66068Y13	ERS1140591	ERR1400569
66078y13	ERS1140592	ERR1400570
66228y13	ERS1140597	ERR1400575
66229y13	ERS1140598	ERR1400576
66243y13	ERS1140600	ERR1400578
66503Y13	ERS1140608	ERR1400586
66677Y13	ERS1140609	ERR1400587
66680Y13	ERS1140611	ERR1400589
66696Y13	ERS1140613	ERR1400591
66706Y13	ERS1140616	ERR1400594
66866Y13	ERS1140618	ERR1400596
67182Y13	ERS1140633	ERR1400611
67265Y13	ERS1140634	ERR1400612
67272Y13	ERS1140636	ERR1400614
69456Y13	ERS1140637	ERR1400615
69462Y13	ERS1140640	ERR1400618
69477Y13	ERS1140643	ERR1400621
1978	ERS1139792	ERR1399782
20635Y09	ERS1139800	ERR1399790
21247Y09	ERS1139835	ERR1399825
21411y09	ERS1139846	ERR1399836
21695Y09	ERS1139861	ERR1399851
21818Y09	ERS1139873	ERR1399863
21904Y09	ERS1139883	ERR1399873
22225y09	ERS1139905	ERR1399895
22375y09	ERS1139912	ERR1399902
22682y09	ERS1139927	ERR1399917
22684y09	ERS1139928	ERR1399918
23094y09	ERS1139948	ERR1399938
23544y09	ERS1139958	ERR1399948
23575y09	ERS1139961	ERR1399951
28189Y12	ERS1139994	ERR1399984
28238Y12	ERS1139996	ERR1399986
28448Y12	ERS1140005	ERR1399995
28731Y12	ERS1140037	ERR1400027
28958Y12	ERS1140057	ERR1400047
28999Y12	ERS1140061	ERR1400051
29490Y12	ERS1140111	ERR1400101
29502Y12	ERS1140114	ERR1400104
29873Y12	ERS1140137	ERR1400125
30127y13	ERS1140165	ERR1400150
30559Y13	ERS1140210	ERR1400189
47162y09	ERS1140239	ERR1400217
47245y09	ERS1140240	ERR1400218
49741y09	ERS1140273	ERR1400251
49776y09	ERS1140275	ERR1400253
50517y09	ERS1140289	ERR1400267
58785Y12	ERS1140310	ERR1400288
59794Y12	ERS1140319	ERR1400297
60188Y12	ERS1140335	ERR1400313
60297Y12	ERS1140339	ERR1400317
61447Y12	ERS1140367	ERR1400345
62154Y12	ERS1140386	ERR1400364
63105Y12	ERS1140423	ERR1400401
63107Y12	ERS1140424	ERR1400402
63217Y12	ERS1140431	ERR1400409
63219Y12	ERS1140432	ERR1400410
63874Y13	ERS1140456	ERR1400434
64300Y13	ERS1140478	ERR1400456
64328Y12	ERS1140482	ERR1400460
64331Y12	ERS1140483	ERR1400461
64671y13	ERS1140501	ERR1400479
64699y13	ERS1140505	ERR1400483
64877Y13	ERS1140519	ERR1400497
64885Y13	ERS1140520	ERR1400498
65201Y13	ERS1140537	ERR1400515
65646Y13	ERS1140549	ERR1400527
65674Y13	ERS1140554	ERR1400532
65790y13	ERS1140565	ERR1400543
65955Y13	ERS1140570	ERR1400548
66030Y13	ERS1140582	ERR1400560
66042Y13	ERS1140587	ERR1400565
66067Y13	ERS1140590	ERR1400568
66237y13	ERS1140599	ERR1400577
66269Y13	ERS1140605	ERR1400583
67152Y13	ERS1140629	ERR1400607
1559	ERS1139791	ERR1399781
2223	ERS1139906	ERR1399896
8537	ERS1140644	ERR1400622
21032Y09	ERS1139817	ERR1399807
21852Y09	ERS1139877	ERR1399867
21880Y09	ERS1139880	ERR1399870
21881Y09	ERS1139881	ERR1399871
21884Y09	ERS1139882	ERR1399872
22418y09	ERS1139916	ERR1399906
22937y09	ERS1139943	ERR1399933
23630y09	ERS1139963	ERR1399953
27979Y12	ERS1139975	ERR1399965
28129Y12	ERS1139983	ERR1399973
28389Y12	ERS1140003	ERR1399993
28483Y12	ERS1140010	ERR1400000
28713Y12	ERS1140032	ERR1400022
28943Y12	ERS1140056	ERR1400046
29082Y12	ERS1140073	ERR1400063
29233Y12	ERS1140089	ERR1400079
29248Y12	ERS1140090	ERR1400080
29259Y12	ERS1140091	ERR1400081
29883Y12	ERS1140139	ERR1400127
30053y13	ERS1140158	ERR1400144
30121y13	ERS1140164	ERR1400149
3622Y13	ERS1140214	ERR1400193
46934Y09	ERS1140235	ERR1400213
47428Y09	ERS1140242	ERR1400220
47522y09	ERS1140245	ERR1400223
47972y09	ERS1140246	ERR1400224
47973y09	ERS1140247	ERR1400225
48906Y09	ERS1140267	ERR1400245
49496y09	ERS1140270	ERR1400248
50050y09	ERS1140277	ERR1400255
5399Y13	ERS1140305	ERR1400283
61067Y12	ERS1140358	ERR1400336
62144Y12	ERS1140384	ERR1400362
62400Y12	ERS1140390	ERR1400368
62423Y12	ERS1140393	ERR1400371
62425Y12	ERS1140395	ERR1400373
62430Y12	ERS1140397	ERR1400375
62446Y12	ERS1140398	ERR1400376
63234Y12	ERS1140435	ERR1400413
63239Y12	ERS1140437	ERR1400415
63623Y13	ERS1140452	ERR1400430
63629Y13	ERS1140453	ERR1400431
63947Y13	ERS1140460	ERR1400438
63952Y13	ERS1140461	ERR1400439
64017Y12	ERS1140469	ERR1400447
64437y13	ERS1140489	ERR1400467
64507y13	ERS1140493	ERR1400471
64508y13	ERS1140494	ERR1400472
64901Y13	ERS1140523	ERR1400501
64947Y13	ERS1140525	ERR1400503
65069Y13	ERS1140526	ERR1400504
65709Y13	ERS1140558	ERR1400536
65712Y13	ERS1140560	ERR1400538
66009Y13	ERS1140577	ERR1400555
66057Y13	ERS1140588	ERR1400566
69470Y13	ERS1140642	ERR1400620
9809Y13	ERS1140645	ERR1400623
9817Y12	ERS1140646	ERR1400624
21417y09	ERS1139847	ERR1399837
22383y09	ERS1139913	ERR1399903
22663y09	ERS1139926	ERR1399916
28179Y12	ERS1139991	ERR1399981
28477Y12	ERS1140009	ERR1399999
28584Y12	ERS1140020	ERR1400010
28598Y12	ERS1140021	ERR1400011
28764Y12	ERS1140039	ERR1400029
28779Y12	ERS1140042	ERR1400032
29113Y12	ERS1140075	ERR1400065
29173Y12	ERS1140082	ERR1400072
29231Y12	ERS1140088	ERR1400078
29313Y12	ERS1140094	ERR1400084
29424Y12	ERS1140106	ERR1400096
29704Y13	ERS1140124	ERR1400113
29892Y13	ERS1140144	ERR1400131
30170Y13	ERS1140173	ERR1400157
30413Y13	ERS1140195	ERR1400176
46642y09	ERS1140230	ERR1400208
60148Y12	ERS1140328	ERR1400306
61174Y12	ERS1140359	ERR1400337
61176Y12	ERS1140360	ERR1400338
62417Y12	ERS1140391	ERR1400369
62429Y12	ERS1140396	ERR1400374
62687Y12	ERS1140408	ERR1400386
62985Y12	ERS1140411	ERR1400389
63112Y12	ERS1140425	ERR1400403
63195Y12	ERS1140428	ERR1400406
63452Y12	ERS1140440	ERR1400418
63503Y12	ERS1140446	ERR1400424
63919Y12	ERS1140458	ERR1400436
64659y13	ERS1140498	ERR1400476
64736y13	ERS1140506	ERR1400484
64818Y13	ERS1140510	ERR1400488
65129Y13	ERS1140528	ERR1400506
65403Y12	ERS1140541	ERR1400519
66031Y13	ERS1140583	ERR1400561
66035Y13	ERS1140585	ERR1400563
66679Y13	ERS1140610	ERR1400588
66705Y13	ERS1140615	ERR1400593
67153Y13	ERS1140630	ERR1400608
0059Y13	ERS1139789	ERR1399779
21277Y09	ERS1139837	ERR1399827
21459y09	ERS1139851	ERR1399841
21652y09	ERS1139858	ERR1399848
21660y09	ERS1139859	ERR1399849
22050Y09	ERS1139891	ERR1399881
22182y09	ERS1139900	ERR1399890
22387y09	ERS1139914	ERR1399904
22644y09	ERS1139924	ERR1399914
22861y09	ERS1139937	ERR1399927
23541y09	ERS1139957	ERR1399947
27889Y12	ERS1139967	ERR1399957
27936Y12	ERS1139970	ERR1399960
27989Y12	ERS1139977	ERR1399967
28161Y12	ERS1139986	ERR1399976
28172Y12	ERS1139988	ERR1399978
28259Y12	ERS1139998	ERR1399988
28489Y12	ERS1140011	ERR1400001
28980Y12	ERS1140058	ERR1400048
29007Y12	ERS1140062	ERR1400052
29991y13	ERS1140150	ERR1400137
30016y13	ERS1140154	ERR1400140
30019y13	ERS1140156	ERR1400142
30055y13	ERS1140159	ERR1400145
30084y13	ERS1140161	ERR1400146
30091y13	ERS1140162	ERR1400147
30284y13	ERS1140180	ERR1400163
30344Y13	ERS1140184	ERR1400166
30370Y13	ERS1140187	ERR1400169
30531Y13	ERS1140207	ERR1400186
30554Y13	ERS1140209	ERR1400188
48710y09	ERS1140261	ERR1400239
50057y09	ERS1140278	ERR1400256
50103Y09	ERS1140279	ERR1400257
50115y09	ERS1140280	ERR1400258
50116y09	ERS1140281	ERR1400259
50117y09	ERS1140282	ERR1400260
50598y09	ERS1140291	ERR1400269
50962y09	ERS1140293	ERR1400271
61522Y12	ERS1140368	ERR1400346
62113Y12	ERS1140382	ERR1400360
62139Y12	ERS1140383	ERR1400361
62424Y12	ERS1140394	ERR1400372
62617Y12	ERS1140401	ERR1400379
62623Y12	ERS1140404	ERR1400382
63008Y12	ERS1140412	ERR1400390
63065Y12	ERS1140417	ERR1400395
63071Y12	ERS1140419	ERR1400397
63102Y12	ERS1140422	ERR1400400
63200Y12	ERS1140429	ERR1400407
63509Y12	ERS1140448	ERR1400426
63969Y12	ERS1140465	ERR1400443
64301Y13	ERS1140479	ERR1400457
64853Y13	ERS1140516	ERR1400494
65785y13	ERS1140564	ERR1400542
65950Y13	ERS1140569	ERR1400547
65960Y13	ERS1140571	ERR1400549
66027Y13	ERS1140581	ERR1400559
66261y13	ERS1140601	ERR1400579
66263Y13	ERS1140602	ERR1400580
66266Y13	ERS1140604	ERR1400582
66867Y13	ERS1140619	ERR1400597
69460Y13	ERS1140639	ERR1400617
